X1,article_num,title,topic_abs,topic_url,viewnum,jsonurls
320,23546,豆瓣征友大会,"在豆瓣，总有一些征友文在友邻之间转发，每一篇都是洋洋洒洒书写自我的大段文字，从生活习惯到性格剖析，从读书观影到文学艺术，征友的结果似乎并不重要，认识更多志趣相投的豆友才是要紧事。
,不鼓励仅po照或简单罗列个人信息的征友形式。",https://www.douban.com/gallery/topic/51644/,151013577,https://m.douban.com/rexxar/api/v2/gallery/topic/51644
78,15846,⾖瓣街头故事摄影大赛,请勿上传自拍或未经他人允许的偷拍！▶▶街头摄影俗称扫街。这个词里边那种匆匆，过眼即弃的意味，让照片背后的故事戛然而止。那些躺在你相机或手机里的照片，一定是因为在那一刻拨动了心底的某个频率。慢下来，安静下来，就能进入镜头那端的生活，就能读到那些照片后边的故事。那些能让我们抽离自我人生的瞬间，让我们在窥看另外的人生的同时，也看到了自己。,https://www.douban.com/gallery/topic/63169/,23292284,https://m.douban.com/rexxar/api/v2/gallery/topic/63169
4,9048,像我这样节俭地生活,你为什么要节俭地生活？这样的生活方式给你带来了怎样的改变？不妨分享一下你的节俭生活心得和理念。,https://www.douban.com/gallery/topic/29603/,26481511,https://m.douban.com/rexxar/api/v2/gallery/topic/29603
97,6954,三十岁才发现的生活真相,晚睡真的要命！过劳真的要胖！膝盖真的怕冷！头发真的越掉越多！……,https://www.douban.com/gallery/topic/27422/,16319405,https://m.douban.com/rexxar/api/v2/gallery/topic/27422
560,6918,豆瓣夏日手写短诗会,"你可曾体会到那些独属于夏天的诗意与灵光？罗伯特·瓦尔泽曾说：“在夏天，我们吃绿豆，桃，樱桃和甜瓜。在各种意义上都漫长且愉快。”瓜果的香甜味道、昆虫们协奏曲般的鸣叫、电风扇吹送的风的温度、日光透过浓郁树叶的颜色、水草在柔波中晃荡的姿态……你的夏天会是一首怎样的诗？
,豆瓣话题特发起话题活动“豆瓣夏日手写短诗会”，邀请豆友们来手写一首夏日主题的原创短诗。我们在炎热与忧郁的夏天，无法停止写诗。",https://www.douban.com/gallery/topic/84160/,5369833,https://m.douban.com/rexxar/api/v2/gallery/topic/84160
86,6424,一线城市生存报告,NA,https://www.douban.com/gallery/topic/30/,31817736,https://m.douban.com/rexxar/api/v2/gallery/topic/30
368,6400,奇妙云朵收集,NA,https://www.douban.com/gallery/topic/7458/,2008508,https://m.douban.com/rexxar/api/v2/gallery/topic/7458
242,6035,豆瓣不露脸乐器表演大赛,"豆瓣不露脸乐器表演大赛来了！
,无论你手速惊人或旋律洗脑，琴瑟和鸣或自弹自唱，只要你不！露！脸！都可以来参加比赛~
,这一次，我们还准备了非~~~常豪华的奖品，等你来拿~
,何不犹抱琵琶半遮面，深藏功与名？快来参赛吧！【活动已结束，但音乐永不停止】",https://www.douban.com/gallery/topic/35365/,30766327,https://m.douban.com/rexxar/api/v2/gallery/topic/35365
357,5267,那些你暗恋过的人现在都怎么样了？,NA,https://www.douban.com/gallery/topic/21992/,2528061,https://m.douban.com/rexxar/api/v2/gallery/topic/21992
95,5050,你每天都有哪些突如其来的感悟？,"每天总会有某个时刻突然恍然大悟
,突然想起一句很符合当时心情的感悟
,莫名其妙，却又刚刚好",https://www.douban.com/gallery/topic/46984/,4533032,https://m.douban.com/rexxar/api/v2/gallery/topic/46984
104,4607,我的2019上半年总结,陌生人，这半年你过得怎么样？,https://www.douban.com/gallery/topic/81569/,3166427,https://m.douban.com/rexxar/api/v2/gallery/topic/81569
332,4544,你理想中的两性关系,除了世俗意义上的恋爱与婚姻，你对两性关系还有什么样的想象？,https://www.douban.com/gallery/topic/48979/,11616066,https://m.douban.com/rexxar/api/v2/gallery/topic/48979
798,4388,用你的作品做一张手机壁纸,把你的摄影或者插画作品裁成壁纸的大小，让豆友们的壁纸换换换换换不完。注：作品必须是原创！,https://www.douban.com/gallery/topic/79493/,5179849,https://m.douban.com/rexxar/api/v2/gallery/topic/79493
16,4262,独居生活指南,一个人也要好好过。,https://www.douban.com/gallery/topic/17466/,16573732,https://m.douban.com/rexxar/api/v2/gallery/topic/17466
443,4101,养猫那些事儿,溪柴火软蛮毡暖，我与狸奴不出门,https://www.douban.com/gallery/topic/426/,4473733,https://m.douban.com/rexxar/api/v2/gallery/topic/426
874,3971,100天不买衣服穿搭计划,衣服在精不在多，一起尝试100天不买衣服，响应环保号召的同时，享受反复穿搭的乐趣~【所有不po图、不写穿搭经验的打卡都是“耍流氓”】,https://www.douban.com/gallery/topic/65322/,7690247,https://m.douban.com/rexxar/api/v2/gallery/topic/65322
442,3789,视频·猫咪哪些行为让你心都化了,NA,https://www.douban.com/gallery/topic/35691/,8463435,https://m.douban.com/rexxar/api/v2/gallery/topic/35691
282,3366,今天也要好好做早餐,每天坚持自己做早餐的豆友们，快来晒图打卡吧~,https://www.douban.com/gallery/topic/30253/,5131068,https://m.douban.com/rexxar/api/v2/gallery/topic/30253
468,3307,猫咪睡姿大赏,你家猫睡姿怎样，来，晒一晒。,https://www.douban.com/gallery/topic/21283/,2494010,https://m.douban.com/rexxar/api/v2/gallery/topic/21283
101,3280,你人生中哪件小事产生了蝴蝶效应？,回首那些当时觉得十分平常却对后来的人生起到决定性作用的微小瞬间。,https://www.douban.com/gallery/topic/3394/,21082162,https://m.douban.com/rexxar/api/v2/gallery/topic/3394
453,3255,狗党们团结起来,养狗的快乐，我们最清楚。狗党们团结起来，不要输给猫奴。,https://www.douban.com/gallery/topic/743/,2849113,https://m.douban.com/rexxar/api/v2/gallery/topic/743
333,3232,我和豆友恋爱了,和自己的豆瓣友邻恋爱是一种怎样的体验？七夕情人节，写下你的豆瓣爱情故事。,https://www.douban.com/gallery/topic/17675/,17419724,https://m.douban.com/rexxar/api/v2/gallery/topic/17675
228,3193,意外走入你镜头里的人,你在拍照的时候，有没有因为意外走入你镜头里的人，而拍出了一张更有趣的照片？,https://www.douban.com/gallery/topic/72729/,5976404,https://m.douban.com/rexxar/api/v2/gallery/topic/72729
354,3170,异性具备什么样的特质会真正吸引你？,NA,https://www.douban.com/gallery/topic/34796/,3140370,https://m.douban.com/rexxar/api/v2/gallery/topic/34796
94,3038,你有哪些“廉价”的爱好，既有意义又陶冶情操？,现在谈论起兴趣爱好，动不动就是摄影、旅行（出国那种），虽然很美好，但也很烧钱。你有什么不怎么烧钱但却能够丰富生活，有意义又有趣的爱好呢？,https://www.douban.com/gallery/topic/11691/,4724455,https://m.douban.com/rexxar/api/v2/gallery/topic/11691
649,2809,婚姻关系,作为亲密关系的一种，婚姻关系具有多重属性：情感结合、社会契约、伦理秩序……如何看待婚姻关系？一起来谈谈你的看法。,https://www.douban.com/gallery/topic/72/,38981880,https://m.douban.com/rexxar/api/v2/gallery/topic/72
864,2748,失败厨艺大赏,NA,https://www.douban.com/gallery/topic/31005/,16340350,https://m.douban.com/rexxar/api/v2/gallery/topic/31005
877,2734,空瓶记,护肤彩妆品使用报告，空瓶才是王道。,https://www.douban.com/gallery/topic/25/,6110098,https://m.douban.com/rexxar/api/v2/gallery/topic/25
880,2721,我的减肥之路,NA,https://www.douban.com/gallery/topic/88/,1361059,https://m.douban.com/rexxar/api/v2/gallery/topic/88
53,2611,你是如何熬过人生中那些“至暗时刻”的？,"人生的至暗时刻意味着无比痛苦的煎熬，但对于足够强大的人来说，也常预示着涅槃时刻的降临。
,我们都曾经或者正在经历这样的时刻，经历着痛苦、怀疑、无助、孤独的成长阶段，但是无论长短，至暗时刻总有结束的时候。",https://www.douban.com/gallery/topic/76794/,9195647,https://m.douban.com/rexxar/api/v2/gallery/topic/76794
67,2606,在豆瓣上写诗的人,推荐一下你喜欢的，不为人知的豆瓣诗人。,https://www.douban.com/gallery/topic/5758/,280344,https://m.douban.com/rexxar/api/v2/gallery/topic/5758
878,2461,服装搭配指南,NA,https://www.douban.com/gallery/topic/84/,5656461,https://m.douban.com/rexxar/api/v2/gallery/topic/84
209,2421,今天你的城市，天空是什么颜色？,分享、记录下你所在的城市，天空最美的样子。,https://www.douban.com/gallery/topic/18504/,1636764,https://m.douban.com/rexxar/api/v2/gallery/topic/18504
809,2391,豆瓣绘梦大赛·画出你的梦境,【活动已结束】人类大约有1/3的时间是在睡眠当中度过的，据说每个成年人平均每天会做6个左右的梦。而绘画是记录人类自身生活——包括外在的物质生活与内在精神生活——的重要载体。梦是拥有巨大创造力的潜意识的宝库，画梦不仅是纪念、是回忆，也是自我整理、是自我认识之旅，更是最好的自我观察与自我疗愈的手法之一。你是否也有过奇妙的、难忘的梦境？喜欢画画的你难道会放过这人生近1/3的宝贵时间的重要体验吗？参与话题活动，试着把你的梦境画出来吧！,https://www.douban.com/gallery/topic/63871/,7658500,https://m.douban.com/rexxar/api/v2/gallery/topic/63871
287,2380,夏食记,惟有美味，是夏天最挥之不去的回忆。,https://www.douban.com/gallery/topic/718/,6250036,https://m.douban.com/rexxar/api/v2/gallery/topic/718
447,2362,视频·宠物的“成精”瞬间,你有没有怀疑过自己家的宠物其实是来自外星的高等智慧生物？有哪些瞬间你会觉得它们“成精”了？快用视频拍下那些宠物“成精”的瞬间吧。,https://www.douban.com/gallery/topic/33910/,9428732,https://m.douban.com/rexxar/api/v2/gallery/topic/33910
241,2351,你看的第一场livehouse演出,不同于演唱会的每人一个座位，也不同于音乐节的随意，livehouse给人带来的能量是无穷的。你的第一场livehouse演出还记得么？,https://www.douban.com/gallery/topic/78663/,1953867,https://m.douban.com/rexxar/api/v2/gallery/topic/78663
467,2338,哪一瞬间令你感受到宠物对你的爱？,记录那些宠物很爱我的瞬间,https://www.douban.com/gallery/topic/22437/,3982223,https://m.douban.com/rexxar/api/v2/gallery/topic/22437
325,2309,我们从过往的分手或离开的经历里收获了什么经验？,分手或离婚总是痛苦的，初时我们总会怪责他人，认为自己是无辜的委屈的受害的。但是破裂的结果不会是一个人的责任，就算是渣男或渣女，他们也不是一夜之间病菌入体产生的。是爱迷了双眼，是欲迷了心智，还是当初自己心智不熟不懂带眼识人？当理智重新回归后，我们能否回顾自省，在前面的失败中总结经验教训。如果再来一次，你想对自己说什么？,https://www.douban.com/gallery/topic/76396/,11562012,https://m.douban.com/rexxar/api/v2/gallery/topic/76396
37,2254,你的消费观是怎样的？,NA,https://www.douban.com/gallery/topic/1348/,8887161,https://m.douban.com/rexxar/api/v2/gallery/topic/1348
380,2246,你捕到的风的形状,"有一天黄昏，和朋友们一起散步回学校，一个朋友指着西边天空上长着卷曲尾巴的云问，“为什么那边的云长成那个样子？”另一个朋友不假思索地回答，“因为那是风的形状。”真是像诗一样的美丽故事和记忆。
,从此以后，走在路上，小店窗前的风铃突然一阵清灵的声响，从小孩子手里出发打着旋儿飞向远方的泡泡，都让我想起，“那是风的形状。”
,看不见抓不着的风，你什么时候，在你的生活中，也发现了她隐秘的身影呢？",https://www.douban.com/gallery/topic/56156/,8520082,https://m.douban.com/rexxar/api/v2/gallery/topic/56156
433,2228,我耗费大半生命与之抗争的事物,"好像很多人都会有经历到要用去几年，几十年甚至一生去抗争的事情：性格、他人的影响或""暴力""、某一类同/异性对自己的吸引，或者是说烂了的自律、原生家庭。最近读那不勒斯四部曲，主角埃莱娜说他抗争一生的是：提高社会地位。
,来说说你或者你听到的""抗争故事""。",https://www.douban.com/gallery/topic/73073/,2370508,https://m.douban.com/rexxar/api/v2/gallery/topic/73073
381,2183,自然界的美丽纹理收集,荡漾的水纹，细密的叶脉，盘根错节的树根，水墨画般的岩石……仔细观察自然界中那些未经修饰的纹理，仿佛可以窥见生命的脉络。请用图片或视频记录你在大自然中观察到的美丽纹理，一起收集成册吧~,https://www.douban.com/gallery/topic/55531/,5386366,https://m.douban.com/rexxar/api/v2/gallery/topic/55531
329,2135,我和我的同性伴侣,"LOVE IS LOVE.
,彼此鼓励，彼此陪伴吧。",https://www.douban.com/gallery/topic/6962/,21800996,https://m.douban.com/rexxar/api/v2/gallery/topic/6962
563,2101,看展记,看展的可能性如此丰富：探访美术馆、博物馆、画廊，漫步街头巷尾的艺术角落，偶遇一面墙、一方土……或者，来这里，与豆友一起看遍世界各地的展览。,https://www.douban.com/gallery/topic/553/,2376084,https://m.douban.com/rexxar/api/v2/gallery/topic/553
959,2065,我的健身心得,NA,https://www.douban.com/gallery/topic/584/,2042561,https://m.douban.com/rexxar/api/v2/gallery/topic/584
568,2057,看展的人,你在看展，看展的人也在看你。,https://www.douban.com/gallery/topic/59076/,7088265,https://m.douban.com/rexxar/api/v2/gallery/topic/59076
35,2055,宅在家里的100种方式,看书、看电影、玩游戏、看动漫……在家里宅着的方式有成千上万种，你喜欢怎么宅？,https://www.douban.com/gallery/topic/63869/,10236717,https://m.douban.com/rexxar/api/v2/gallery/topic/63869
504,2045,机窗外的世界,透过机窗，你看到过怎样的风景？是深蓝的天空、微微露出弧度的大地，还是无尽的海洋？在万米高空之上，有哪些景观或无比壮丽，或无比精致，让你至今难忘？,https://www.douban.com/gallery/topic/73102/,2238909,https://m.douban.com/rexxar/api/v2/gallery/topic/73102
411,1963,如果让你做你自己的爸妈，你会怎样对待童年的你？,我们总认为父母唠叨、守旧，那如果你成为你爸妈呢？会有什么不同呢？,https://www.douban.com/gallery/topic/72260/,3048955,https://m.douban.com/rexxar/api/v2/gallery/topic/72260
916,1936,记录你的手作时光,羊毛毡、手工书、皮具、木工、扎染、刺绣……每一个手工作品都是温暖而独特的。从创意产生到成品完工，用视频或照片记录你的手作制作过程，分享作品诞生那一刻的美丽心情。,https://www.douban.com/gallery/topic/53456/,7682979,https://m.douban.com/rexxar/api/v2/gallery/topic/53456
20,1902,你在不同社交平台下的人设,NA,https://www.douban.com/gallery/topic/67802/,11098121,https://m.douban.com/rexxar/api/v2/gallery/topic/67802
446,1877,晒出你家的胖宠物,主子们比胖大赛,https://www.douban.com/gallery/topic/70003/,7593051,https://m.douban.com/rexxar/api/v2/gallery/topic/70003
258,1871,谁的记忆里没有一首周杰伦,2000年11月6日，周杰伦首张同名专辑《JAY》发行，为华语流行乐坛开辟了全新的思路，也在一代人的青春里深深扎根。谁的记忆里没有一首周杰伦？关于他和他的音乐，太多人有话要说。穿梭时间的画面的钟，此刻从反方向开始移动。按下播放键，我们一起来聊一聊周杰伦，让回忆随音乐一同流淌。,https://www.douban.com/gallery/topic/42/,815163,https://m.douban.com/rexxar/api/v2/gallery/topic/42
234,1805,你所见到的城市夜晚,可以用影像或文字，来描摹夜幕降临后的城市模样。,https://www.douban.com/gallery/topic/15221/,807759,https://m.douban.com/rexxar/api/v2/gallery/topic/15221
90,1803,当你仰望满天星光时你在想什么,NA,https://www.douban.com/gallery/topic/85070/,1026534,https://m.douban.com/rexxar/api/v2/gallery/topic/85070
82,1781,五年后你要成为一个什么样的人？,NA,https://www.douban.com/gallery/topic/85938/,673174,https://m.douban.com/rexxar/api/v2/gallery/topic/85938
461,1765,你家宠物曾经藏在什么地方,垃圾桶、柜子角、床底下，都是宠物们藏身的好战场！,https://www.douban.com/gallery/topic/59878/,17419280,https://m.douban.com/rexxar/api/v2/gallery/topic/59878
457,1753,长条猫咪大赛,朋友家的猫全长一米了，再努力长长就要超过主人本人了。敢问还有更长的猫了吗？,https://www.douban.com/gallery/topic/79635/,5164442,https://m.douban.com/rexxar/api/v2/gallery/topic/79635
954,1741,运动对于你来说意味着什么？,在大众媒体的宣传中，运动的意义往往与“减肥”“变美”“变帅”等字眼挂钩，督促人运动的同时，也让人产生更多焦虑情绪。我们应该形成什么样的运动观念？如何真正地享受运动？一起聊聊运动的意义吧~,https://www.douban.com/gallery/topic/76694/,3533316,https://m.douban.com/rexxar/api/v2/gallery/topic/76694
216,1715,收集你家门口的夏季,"夏季是瓜田李下，过午荷香；
,夏季是大雨时行，彩虹饮水，露珠缀满青草芒； 
,夏季是赤日几时过，清风无处寻，
,避暑无人造访，手抛书卷梦长。",https://www.douban.com/gallery/topic/75112/,2176654,https://m.douban.com/rexxar/api/v2/gallery/topic/75112
338,1637,分手让你明白了什么道理,人一生是不是会爱很多人呢,https://www.douban.com/gallery/topic/34859/,4902622,https://m.douban.com/rexxar/api/v2/gallery/topic/34859
652,1628,如果让你和一位明星交换人生，你希望是谁？为什么？,"如果有一个机会，让你和一位明星交换人生你会选择谁？我想我会选择凯特·布兰切特，电影镜头里
,，红毯镜头里，为人妻，为人母，凯特“全情以赴，极致演绎”每一个所扮演的角色，直言“我的一切
,，我自己来掌控”，作为能说出这些话的女人，凯特已然超越了性别，年龄与财富……她的人生就是
,我向往的终极目标。如果是你，你会怎样选择呢？欢迎分享你的观点。",https://www.douban.com/gallery/topic/29548/,5328878,https://m.douban.com/rexxar/api/v2/gallery/topic/29548
879,1591,我的护肤笔记,NA,https://www.douban.com/gallery/topic/86/,1098535,https://m.douban.com/rexxar/api/v2/gallery/topic/86
38,1570,哪些家里的细节让你爱上在家的感觉？,也许是一些精巧的小摆件、一个超舒服的懒人沙发、几株绿植，这些物件恰到好处地摆放或是颜色搭配点亮了你的家，营造满满的幸福感。你有哪些物品挑选、摆放的小窍门，让自己一年四季都喜欢宅在家中？,https://www.douban.com/gallery/topic/57310/,9490383,https://m.douban.com/rexxar/api/v2/gallery/topic/57310
222,1564,你是怎么提高自己的摄影水平的？,摄影是个好爱好。这里不是指器材发烧。摄影作为私人爱好，发现美，留住那些美的瞬间，普通人已经很享受了。只是，樱桃好吃树难栽。看到优秀的片子，感动之余，特别羡慕他人独具慧眼技术高超，自己却所知菲薄，有心无力。摄影靠天赋，靠功夫，靠耐心，也需要高人指点。豆瓣里有高手，更有热心人，众人拾柴，集腋成裘，分享之德，大有益也。同好者，故请不吝赐教！,https://www.douban.com/gallery/topic/53358/,8192827,https://m.douban.com/rexxar/api/v2/gallery/topic/53358
365,1520,植物种植笔记,NA,https://www.douban.com/gallery/topic/21296/,1704648,https://m.douban.com/rexxar/api/v2/gallery/topic/21296
953,1517,健身房“撸铁”心得,分享你在健身房“撸铁”的心得体会或攻略指南。,https://www.douban.com/gallery/topic/58631/,20862441,https://m.douban.com/rexxar/api/v2/gallery/topic/58631
891,1496,化妆给你带来过什么压力？,化妆，有人指责你不够“真实”；不化妆，有人指责你没有社交礼貌。化妆这件事儿，给你带来过什么样的压力？,https://www.douban.com/gallery/topic/74013/,3965962,https://m.douban.com/rexxar/api/v2/gallery/topic/74013
102,1460,我们这行因吹丝挺,你从事的行业是什么样的？面对这个问题，你是不是也想用一句意味深长的“因吹丝挺”（interesting）来回答？一起聊聊工作中令你哭笑不得的有趣经历，分享鲜为人知的行业秘辛。,https://www.douban.com/gallery/topic/40/,9279145,https://m.douban.com/rexxar/api/v2/gallery/topic/40
342,1460,是什么原因让你不想谈恋爱,NA,https://www.douban.com/gallery/topic/59096/,1662586,https://m.douban.com/rexxar/api/v2/gallery/topic/59096
651,1445,我的买房经历,NA,https://www.douban.com/gallery/topic/168/,2601769,https://m.douban.com/rexxar/api/v2/gallery/topic/168
113,1427,裸辞后，你们都做了什么？现在感觉如何？,NA,https://www.douban.com/gallery/topic/4388/,5539352,https://m.douban.com/rexxar/api/v2/gallery/topic/4388
190,1427,文学作品中最打动你的告白,NA,https://www.douban.com/gallery/topic/69926/,4506178,https://m.douban.com/rexxar/api/v2/gallery/topic/69926
922,1424,我的手工作品,NA,https://www.douban.com/gallery/topic/546/,395875,https://m.douban.com/rexxar/api/v2/gallery/topic/546
564,1355,喂你些诗,"规则:
,1.“喂你些诗”中的你，必有所指；
,2.“喂你些诗”中的诗，必是原创；
,好了，大家开喂吧。",https://www.douban.com/gallery/topic/76496/,1724488,https://m.douban.com/rexxar/api/v2/gallery/topic/76496
36,1353,你是如何践行极简消费主义的？,"我们每天要被迫接纳成千上百个“使用该产品，就会让你像代言人一样美艳、幸福”的广告，从而陷入囤积商品的消费陷阱而不自知。
,谈谈察觉到商家设下的圈套并极力挣脱，从购买到居住环境，你是如何践行从内到外的极简生活？",https://www.douban.com/gallery/topic/23323/,6965881,https://m.douban.com/rexxar/api/v2/gallery/topic/23323
349,1348,你心目中最理想的分手方式,"近日，陈绮贞在社交网络宣布与男友分手的消息。对于这段18年的感情，她这样说道：“我们的感情选择了彼此都觉得更好的阶段，升级成更好的友谊……18年，没有让我们怀疑爱，反而让我们更愿意爱人与被爱。”
,你心目中最理想的分手方式又是怎样的呢？",https://www.douban.com/gallery/topic/71608/,3976741,https://m.douban.com/rexxar/api/v2/gallery/topic/71608
514,1332,我的2018年度旅行总结,NA,https://www.douban.com/gallery/topic/38808/,2991317,https://m.douban.com/rexxar/api/v2/gallery/topic/38808
906,1331,夏日香水测评,NA,https://www.douban.com/gallery/topic/815/,1042013,https://m.douban.com/rexxar/api/v2/gallery/topic/815
217,1320,你拍到的丁达尔效应,当一束光线透过胶体，从垂直入射光方向可以观察到胶体里出现的一条光亮的“通路”，这种现象叫丁达尔现象，也叫丁达尔效应（Tyndall effect）或者丁铎尔现象、丁泽尔效应、廷得耳效应。,https://www.douban.com/gallery/topic/78490/,2823749,https://m.douban.com/rexxar/api/v2/gallery/topic/78490
198,1301,读书留给我日常生活里的“后遗症”,有电影，也应该有读书,https://www.douban.com/gallery/topic/46699/,5801279,https://m.douban.com/rexxar/api/v2/gallery/topic/46699
207,1283,我拍的那些不曾被大众注意的角度的照片,同一个东西被我拍出了不同的味道。可能是一个很平常情景，但通过我们独特的视角镜头，发现了它还有这样不曾为众人注意到的一面。如在一张纵横交织的地毯上，发现了宇宙中的一个星际站点…,https://www.douban.com/gallery/topic/74323/,3306885,https://m.douban.com/rexxar/api/v2/gallery/topic/74323
336,1274,父母第一次知道儿女恋爱后,NA,https://www.douban.com/gallery/topic/68315/,18198014,https://m.douban.com/rexxar/api/v2/gallery/topic/68315
852,1242,你看到过哪些残破但有趣的招牌？,"你一定看到过一些残破的招牌，残缺带来美、带来趣味，也可能带来恶趣味，
,show 一下吧~",https://www.douban.com/gallery/topic/28083/,7443895,https://m.douban.com/rexxar/api/v2/gallery/topic/28083
62,1225,你所遭遇的学科偏见,尽管有句话叫“在非本专业领域内”学会闭嘴，但无可避免地，总会遭遇别人对自己学科的刻板印象。而面对这种偏见，你又是如何为自己学科正名的呢？或者你曾经对那些学科产生过偏见呢？,https://www.douban.com/gallery/topic/73693/,6360857,https://m.douban.com/rexxar/api/v2/gallery/topic/73693
27,1199,记录我的周末时光,记录工作以外周末的生活小时光,https://www.douban.com/gallery/topic/83058/,1786576,https://m.douban.com/rexxar/api/v2/gallery/topic/83058
93,1189,作为“斜杠青年”的你都在做着什么副业,斜杠青年来源于英文“Slash”，出自《纽约时报》专栏作家麦瑞克·阿尔伯撰写的书籍《双重职业》，指的是一群不再满足“专一职业”的生活方式，而选择拥有多重职业和身份的多元生活的人群。,https://www.douban.com/gallery/topic/69911/,6165870,https://m.douban.com/rexxar/api/v2/gallery/topic/69911
464,1173,家中宠物睡姿大赏,NA,https://www.douban.com/gallery/topic/47495/,2311604,https://m.douban.com/rexxar/api/v2/gallery/topic/47495
378,1170,留住干枯的植物之美,"最近突发奇想，从一束蔫花里留了几朵，天津这天气，两天基本就成干花，竟然格外美，渐变的色彩纹理都保留。原来美是能延续的。
,你见过好看的干花是什么样子？",https://www.douban.com/gallery/topic/62852/,3923628,https://m.douban.com/rexxar/api/v2/gallery/topic/62852
983,1166,我看奥运会,NA,https://www.douban.com/gallery/topic/16/,1144156,https://m.douban.com/rexxar/api/v2/gallery/topic/16
955,1150,你坚持健身的理由是什么？,你坚持健身的理由是什么，现在身材怎么样，方不方便发一张照片来看看？,https://www.douban.com/gallery/topic/21406/,2977802,https://m.douban.com/rexxar/api/v2/gallery/topic/21406
487,1149,跟着电影去旅行,你是否也会因为痴迷一部电影，怀着朝圣的心情，踏上一片陌生而又熟悉的土地？去拍摄地巡礼，走进影片中的场景，重温曾经的感动，是爱电影的一种方式。你曾跟随哪部电影去旅行？一起来分享吧。,https://www.douban.com/gallery/topic/13/,4166413,https://m.douban.com/rexxar/api/v2/gallery/topic/13
499,1147,遇见老建筑,古寺、旧宅、老街、教堂……老建筑是历史的遗迹，是时光的烙印。或着意寻访，或不期而遇，我们透过老建筑观察生活的变化，探索人与时间的关系。一起来记录你遇见过的老建筑吧，无名的过去也值得留步。,https://www.douban.com/gallery/topic/636/,1807936,https://m.douban.com/rexxar/api/v2/gallery/topic/636
26,1136,我的冰箱里有什么,冰箱，一个容纳着生活与自由的神奇乐园。不管是阔落、布丁还是榴莲，打开它总能发现幸福感。,https://www.douban.com/gallery/topic/77398/,7061514,https://m.douban.com/rexxar/api/v2/gallery/topic/77398
340,1131,我的奶奶,讲讲一切关于你奶奶的事,https://www.douban.com/gallery/topic/83277/,1690593,https://m.douban.com/rexxar/api/v2/gallery/topic/83277
673,1128,春节自救指南,春节回家，如何应对亲朋好友过于热情的关切？,https://www.douban.com/gallery/topic/74/,2544721,https://m.douban.com/rexxar/api/v2/gallery/topic/74
296,1128,我的夏日消暑美食,夏天到啦，你有什么清凉解暑的美食推荐呢？,https://www.douban.com/gallery/topic/76567/,2385954,https://m.douban.com/rexxar/api/v2/gallery/topic/76567
345,1111,亲密关系,你想要什么样的亲密关系？当你身处一段亲密关系里，你最在乎的是什么？面对亲密关系破裂，你是如何应对的？,https://www.douban.com/gallery/topic/2752/,4010833,https://m.douban.com/rexxar/api/v2/gallery/topic/2752
14,1097,热爱生活的一万个理由,请分享你热爱生活的理由，在这个小确丧的世界里留下可爱瞬间。,https://www.douban.com/gallery/topic/87859/,899010,https://m.douban.com/rexxar/api/v2/gallery/topic/87859
721,1096,城市魔幻建筑大赏,那些造型奇诡的建筑，可能是一座城市性格与灵魂的外在体现。,https://www.douban.com/gallery/topic/61212/,12900511,https://m.douban.com/rexxar/api/v2/gallery/topic/61212
358,1094,你是如何凭自己的本事单身的？,你是凭借怎样优异的本事，才能到今天还依然单身的……,https://www.douban.com/gallery/topic/5565/,2305054,https://m.douban.com/rexxar/api/v2/gallery/topic/5565
918,1076,给你看我的手帐吧,别再在入坑指南话题下晒手帐了(´･_･`)来开个正经晒手帐话题,https://www.douban.com/gallery/topic/27427/,2076079,https://m.douban.com/rexxar/api/v2/gallery/topic/27427
326,1074,离婚后的心理感受,镜像话题：结婚前的心理感受,https://www.douban.com/gallery/topic/78655/,26338860,https://m.douban.com/rexxar/api/v2/gallery/topic/78655
303,1067,美食摆拍大赏,生活需要仪式感，日常的三时三餐更需仪式感加持。晒出你的美食摆拍作品，那些被相机先“品尝过的”美食。,https://www.douban.com/gallery/topic/71855/,1735348,https://m.douban.com/rexxar/api/v2/gallery/topic/71855
119,1064,你的专业让你明白了什么人生道理？,NA,https://www.douban.com/gallery/topic/81602/,3006545,https://m.douban.com/rexxar/api/v2/gallery/topic/81602
203,1057,你抓拍到的正在拍别人的人,螳螂捕蝉黄雀在后的构图一定非常有趣,https://www.douban.com/gallery/topic/85406/,2734773,https://m.douban.com/rexxar/api/v2/gallery/topic/85406
920,1053,晒出你最得意的手工作品,NA,https://www.douban.com/gallery/topic/22526/,1954365,https://m.douban.com/rexxar/api/v2/gallery/topic/22526
108,1043,工作后懂得了哪些道理,NA,https://www.douban.com/gallery/topic/54926/,4932858,https://m.douban.com/rexxar/api/v2/gallery/topic/54926
650,1039,我遭遇过的厌女症,厌女症（Misogyny），也称厌女主义或女性贬抑，是指针对女性的憎恨和厌恶。它可能涉及性别歧视、荡妇羞辱等关键词……你遭遇过哪些形式的厌女症？一起来讲讲你的故事。,https://www.douban.com/gallery/topic/32/,12192262,https://m.douban.com/rexxar/api/v2/gallery/topic/32
39,1036,租房改造,如何用5000元改变生活,https://www.douban.com/gallery/topic/720/,10810679,https://m.douban.com/rexxar/api/v2/gallery/topic/720
664,1030,儿童性侵并不遥远,关注身边的儿童性侵事件，避免悲剧再次发生。,https://www.douban.com/gallery/topic/50/,3765315,https://m.douban.com/rexxar/api/v2/gallery/topic/50
206,1029,我的修图技巧,摄影前期固然重要，照片后期更不能忽视，怎么把一张照片修好看呢？说说你的技巧。,https://www.douban.com/gallery/topic/26777/,3453709,https://m.douban.com/rexxar/api/v2/gallery/topic/26777
662,1022,女性权益保护,NA,https://www.douban.com/gallery/topic/651/,4718893,https://m.douban.com/rexxar/api/v2/gallery/topic/651
604,1021,玩哪些游戏时会感受到强烈的孤独感？,游戏给人带来不同的感受，有些给人带来的感受则会显得很独特。来说说那些给你带来强烈孤独感的，为什么这个游戏你却只愿意自己一个人玩。,https://www.douban.com/gallery/topic/85348/,1421950,https://m.douban.com/rexxar/api/v2/gallery/topic/85348
334,1015,豆瓣上结识的线下好友,你有没有通过豆瓣认识的友邻，后来发展为现实中的好朋友？一起来分享你们的友情历程吧。,https://www.douban.com/gallery/topic/749/,2801889,https://m.douban.com/rexxar/api/v2/gallery/topic/749
456,1012,你家宠物冲你跑过来的样子,NA,https://www.douban.com/gallery/topic/77577/,8154376,https://m.douban.com/rexxar/api/v2/gallery/topic/77577
654,1005,谈教育,NA,https://www.douban.com/gallery/topic/480/,2692752,https://m.douban.com/rexxar/api/v2/gallery/topic/480
328,1000,你是怎样遇到现在的伴侣的？,NA,https://www.douban.com/gallery/topic/29829/,7688189,https://m.douban.com/rexxar/api/v2/gallery/topic/29829
265,999,“渣机”拍出的有趣夜景,看够了牛逼相机带来的清晰夜景，就想用渣机来表达这样的夜,https://www.douban.com/gallery/topic/74928/,1327271,https://m.douban.com/rexxar/api/v2/gallery/topic/74928
251,992,你最期待重组、复出的乐队,搞乐队就像同时跟多人谈恋爱，关系不和、发展方向分歧、生活压力……因各种原因解散或停止活动的乐队比比皆是，有的乐队经历了复杂的人员更迭仍顽强维系，有的乐队多年沉寂后复出活动。今年，前有李志跨年请到七八点，后有JOYSIDE宣布重组，哪些乐队的重组和复出活动让你期待？,https://www.douban.com/gallery/topic/64518/,670320,https://m.douban.com/rexxar/api/v2/gallery/topic/64518
465,980,视频·狗子哪些瞬间让你的心都化了,狗党雄起！,https://www.douban.com/gallery/topic/39350/,4471739,https://m.douban.com/rexxar/api/v2/gallery/topic/39350
722,968,老城区漫游记,穿行在车水马龙的现代都市里，偶尔撞见老城区，如同穿越了好几十年的时光回到过去，迢迢遥遥地看到这座城市曾经的生活风貌。,https://www.douban.com/gallery/topic/59218/,3481024,https://m.douban.com/rexxar/api/v2/gallery/topic/59218
853,938,人生中最尴尬的一件事,说出来让大家高兴高兴,https://www.douban.com/gallery/topic/861/,3033553,https://m.douban.com/rexxar/api/v2/gallery/topic/861
148,937,电影当中打动你的告白瞬间,NA,https://www.douban.com/gallery/topic/70990/,4537842,https://m.douban.com/rexxar/api/v2/gallery/topic/70990
656,931,你所了解的抑郁症,关注抑郁症，让更多的人免受伤害。,https://www.douban.com/gallery/topic/29/,1378999,https://m.douban.com/rexxar/api/v2/gallery/topic/29
409,923,你最奇葩的一次约会经历,你的记忆中有没有一次特别奇葩难忘的约会呢？一定很精彩吧……,https://www.douban.com/gallery/topic/69992/,22622843,https://m.douban.com/rexxar/api/v2/gallery/topic/69992
644,920,与名人最不可思议的一次邂逅,不经意间发现名人/大神就在自己身边，你有过这样的经历吗？说出来让大家羡慕一下。,https://www.douban.com/gallery/topic/18821/,2055264,https://m.douban.com/rexxar/api/v2/gallery/topic/18821
8,911,小镇待业青年的日常,刚毕业不久的小镇应届往届待业青年们，你们在做什么呢？,https://www.douban.com/gallery/topic/86235/,3675899,https://m.douban.com/rexxar/api/v2/gallery/topic/86235
293,911,夏日特调饮品,薄荷、冰块、朗姆酒，黄桃、苏打、冻荔枝……自己动手做一杯夏日特调饮品吧！一起来分享你的解暑秘方。,https://www.douban.com/gallery/topic/768/,1979826,https://m.douban.com/rexxar/api/v2/gallery/topic/768
963,910,你是怎么学会游泳的,关于游泳，你学了多久？怎么学会的？在学习过程中有什么好玩的事情吗？,https://www.douban.com/gallery/topic/63576/,1682496,https://m.douban.com/rexxar/api/v2/gallery/topic/63576
356,902,你和你的同性恋人为什么分手了？,希望看一下其他同类的感情经历,https://www.douban.com/gallery/topic/25322/,5652730,https://m.douban.com/rexxar/api/v2/gallery/topic/25322
173,898,有哪些你曾经很喜欢而现在不好意思承认的作家/书籍？,小学喜欢过小妮子，中学喜欢过郭敬明，大学喜欢过大冰，现在想掐死当年的自己。你们有过这样的感受吗？,https://www.douban.com/gallery/topic/78751/,2023497,https://m.douban.com/rexxar/api/v2/gallery/topic/78751
876,896,你最钟意的一种穿衣搭配,NA,https://www.douban.com/gallery/topic/28678/,5426527,https://m.douban.com/rexxar/api/v2/gallery/topic/28678
843,891,你们的小学日记还在吗？,当初你们都是什么样的小朋友啊，傻乎乎还是小精怪。晒出来看看吧。,https://www.douban.com/gallery/topic/75070/,3923828,https://m.douban.com/rexxar/api/v2/gallery/topic/75070
507,889,骑行记,NA,https://www.douban.com/gallery/topic/368/,715734,https://m.douban.com/rexxar/api/v2/gallery/topic/368
816,888,视频·每天画一幅小画,用视频拍下你画画的过程。,https://www.douban.com/gallery/topic/34396/,5100955,https://m.douban.com/rexxar/api/v2/gallery/topic/34396
850,883,给自己加戏的瞬间,突然间有成为戏精的冲动，脑内剧场突然演了起来。,https://www.douban.com/gallery/topic/52530/,10680629,https://m.douban.com/rexxar/api/v2/gallery/topic/52530
813,874,你画笔下的女性之美,NA,https://www.douban.com/gallery/topic/57110/,10267536,https://m.douban.com/rexxar/api/v2/gallery/topic/57110
432,874,那些不知道反而会比较美好的事情,NA,https://www.douban.com/gallery/topic/72178/,3776798,https://m.douban.com/rexxar/api/v2/gallery/topic/72178
160,869,你为什么还在坚持看纸质书？,之前和朋友逛书店无意间聊到一个话题，现在手机都这么方便了怎么还会有人看纸质书呢？,https://www.douban.com/gallery/topic/90332/,157460,https://m.douban.com/rexxar/api/v2/gallery/topic/90332
565,867,视频·我在跳舞的时候最快乐,"你也喜欢跳舞吗？
,会跟随音乐跳上一段吗？",https://www.douban.com/gallery/topic/56140/,4631669,https://m.douban.com/rexxar/api/v2/gallery/topic/56140
145,865,影视作品中那些让人难忘的凝视,NA,https://www.douban.com/gallery/topic/80485/,5295758,https://m.douban.com/rexxar/api/v2/gallery/topic/80485
256,863,你有没有一首听了很多年的歌？,每次听的时候感受都不一样😉,https://www.douban.com/gallery/topic/17241/,136174,https://m.douban.com/rexxar/api/v2/gallery/topic/17241
886,859,我的Vintage穿衣情结,“vintage”的通俗解释就是“old”，它发源于二手商店，如今却并不代表陈旧，而是表现一种成熟的、历时不变的经典风格。它们不是纯为迎合当季时尚而设计，就像50年代 Audrey Hepburn 穿的瘦身裤、60年代 Emilio Pucci 设计的有植物图案印花的女衬衣以及贯穿那个年代始终的 Chanel 的套装裙，它们都是标准的 Vintage。Vintage 服装没有明显的时间界限，但通常指1940年以后至1980年以前保存良好的时代精品。一起来聊聊你的 Vintage 穿衣情结，分享购买 Vintage 的经验吧。,https://www.douban.com/gallery/topic/63895/,10147170,https://m.douban.com/rexxar/api/v2/gallery/topic/63895
208,848,你所拍出的具有赛博朋克质感的照片,随着银翼杀手2049，攻壳机动队等一批影视作品的涌现，以及《赛博朋克2077》的公布，赛博朋克cyberpunk已经脱离小众，成为一种潮流风格。你的生活中是否也拍出过类似风格的照片？,https://www.douban.com/gallery/topic/84512/,2775511,https://m.douban.com/rexxar/api/v2/gallery/topic/84512
448,832,被领养的猫咪，后来都怎么样了？,现在被领养的猫咪有很多，社会上也要很多这样的猫咪和狗狗，孙俪发起的领养替代买卖，这些领养后的动物们，现在过得很幸福，希望给他们一个展示的平台,https://www.douban.com/gallery/topic/10238/,4089300,https://m.douban.com/rexxar/api/v2/gallery/topic/10238
344,830,你和你对象的奇葩相遇方式,NA,https://www.douban.com/gallery/topic/26980/,9835261,https://m.douban.com/rexxar/api/v2/gallery/topic/26980
103,823,人生中的第一支烟,NA,https://www.douban.com/gallery/topic/84410/,527661,https://m.douban.com/rexxar/api/v2/gallery/topic/84410
513,821,收集世界各地的机场,你在哪里启程，在哪里落地。,https://www.douban.com/gallery/topic/52631/,3809626,https://m.douban.com/rexxar/api/v2/gallery/topic/52631
802,819,画笔下的人间日常,用画笔勾勒生活的轮廓，捕捉世间的色彩。,https://www.douban.com/gallery/topic/22444/,1032330,https://m.douban.com/rexxar/api/v2/gallery/topic/22444
512,818,我的徒步之旅,NA,https://www.douban.com/gallery/topic/393/,865777,https://m.douban.com/rexxar/api/v2/gallery/topic/393
460,816,你家宠物眼神的精彩瞬间,晒出你家宠物各类眼神的精彩瞬间,https://www.douban.com/gallery/topic/69704/,2663198,https://m.douban.com/rexxar/api/v2/gallery/topic/69704
882,813,彩妆试色,分享你喜欢的彩妆产品试色和评测吧！,https://www.douban.com/gallery/topic/933/,7610596,https://m.douban.com/rexxar/api/v2/gallery/topic/933
318,813,最近一次开怀大笑是因为什么？,NA,https://www.douban.com/gallery/topic/87974/,3910062,https://m.douban.com/rexxar/api/v2/gallery/topic/87974
21,810,用vlog记录你的一天,看似一成不变的日常，推着我们奔向未来岁月。用视频，留下这珍贵点滴。,https://www.douban.com/gallery/topic/83815/,112570,https://m.douban.com/rexxar/api/v2/gallery/topic/83815
34,809,结束聊天对话的一百种方式,遇见的人多了就会发现有好多奇葩，无聊的话唠......所以大家都是怎么智慧不失礼貌地结束与他的谈话的呢？又或者是直截了当地结束？,https://www.douban.com/gallery/topic/80778/,5743239,https://m.douban.com/rexxar/api/v2/gallery/topic/80778
200,799,你镜头里最像动漫的梦幻场景,动漫世界美的另人着迷，你是否遇到过像动漫里那般梦幻的场景呢？,https://www.douban.com/gallery/topic/86192/,1690391,https://m.douban.com/rexxar/api/v2/gallery/topic/86192
404,793,无意间听到路人引人深思的对话,摘下耳机，放下手机，我们往往能收获很多意外的惊喜。其中，无意间听到的路人对话有时便会成为勾起我们思索和心绪的课题。,https://www.douban.com/gallery/topic/85041/,5301871,https://m.douban.com/rexxar/api/v2/gallery/topic/85041
107,792,无法确定是否发生过的童年记忆,有些童年记忆，情节看似非常魔幻，但回忆起来又让现在的你无法确认它曾经真实发生过，还是只是你的想象。,https://www.douban.com/gallery/topic/84180/,993760,https://m.douban.com/rexxar/api/v2/gallery/topic/84180
22,761,哪些消费行为让你觉得自己受到了明明白白的欺骗,社会上的行业领域千万种，竞争力越来越大，许多经营者推陈出新的同时不忘钻空子，夸大宣传、造假等情况屡见不鲜，你究竟遇到过怎样的消费大坑，事后又是如何处理这些问题的呢？,https://www.douban.com/gallery/topic/59497/,13323882,https://m.douban.com/rexxar/api/v2/gallery/topic/59497
85,739,那些出国以后才知道的事,比如学习，工作，生活，婚恋，经济，社会，宗教，价值观……欢迎从各种角度海聊。,https://www.douban.com/gallery/topic/84494/,8225575,https://m.douban.com/rexxar/api/v2/gallery/topic/84494
571,735,我钟爱的油画作品,一人一幅中意的油画。,https://www.douban.com/gallery/topic/65331/,5097524,https://m.douban.com/rexxar/api/v2/gallery/topic/65331
348,733,成年人的暗恋有多拼命？,比如：我如愿找到了现男友前女友的微博，看了以后有点喜欢前女友。,https://www.douban.com/gallery/topic/73729/,1418866,https://m.douban.com/rexxar/api/v2/gallery/topic/73729
966,731,当我跑步时我在想些什么,跑步时，我们的思绪也会跟随脚步一起摇摆震荡。当你跑步时你都看到了什么？又在想些什么？把这些奇妙见闻和奇思妙想记录下来吧。,https://www.douban.com/gallery/topic/56855/,1012033,https://m.douban.com/rexxar/api/v2/gallery/topic/56855
632,726,你在Steam上买到过的最值的游戏,NA,https://www.douban.com/gallery/topic/65334/,2083030,https://m.douban.com/rexxar/api/v2/gallery/topic/65334
83,726,生病让你明白了哪些道理,NA,https://www.douban.com/gallery/topic/86250/,563706,https://m.douban.com/rexxar/api/v2/gallery/topic/86250
305,724,那些由食物告诉你的人生道理,时令就是时间的命令，时令菜就是时间命令你这段时间吃的菜。这是以前我看到书的见解，抱歉记不起作者了。食物在生活中不可或缺，我们在享受食物时，你是否也能感受到它在教你一些它用尽生命告诉你的道理？姜还是老的辣；蘑菇越漂亮越是剧毒，像现在的网络诈骗一样；菊花于瑟瑟寒风中绽放，晒制而成的菊花茶更是人体祛湿气驱寒气的一味中药；兔肉和羊肉单独烹饪由于肉质紧实难以烧烂，但是加入少量兔子和羊喜欢吃的萝卜和豆子，便容易烧烂了……欢迎吃货们踊跃发言，让我们都试着从不同角度探索食物的奥妙😃,https://www.douban.com/gallery/topic/63492/,3467261,https://m.douban.com/rexxar/api/v2/gallery/topic/63492
177,709,作家们的可爱时刻,你有被作家可爱到的时候吗？,https://www.douban.com/gallery/topic/68999/,7604261,https://m.douban.com/rexxar/api/v2/gallery/topic/68999
839,704,在各大购物平台上搜索出的惊奇宝物,淘宝经常给你推荐什么闻所未闻的东西？屁股镂空的时尚牛仔裤，狗东上的企鹅绒被子，刷新三观的轻工密集，自从豆瓣关掉了豆瓣东西，就没有天下宝物分享大会了。快来一起分享，为我们的购物车添上一笔吧。新奇，刺激，可怕，雷人，奇特。,https://www.douban.com/gallery/topic/49436/,10695125,https://m.douban.com/rexxar/api/v2/gallery/topic/49436
61,693,生活中的贫穷歧视,"月入xx还活个什么劲/谁让你住不起学区房/贪便宜活该……这种论调真的很常见吧，戾气重是小事，更糟的是隐含在内的“弱者有罪”逻辑。什么时候有钱和消费主义成了“政治正确”？
,
,希望穷人可以穷并理直气壮地穷着，是本人创建这个话题的初衷。如有可能，希望参与的小伙伴可以也本着这样的的理念来分享。
,
,糟糕 感觉我瓣并没有讨论这个话题的土壤/_\",https://www.douban.com/gallery/topic/82200/,7881882,https://m.douban.com/rexxar/api/v2/gallery/topic/82200
337,683,第一次对同性产生爱慕是什么样情形和感觉？,NA,https://www.douban.com/gallery/topic/36782/,3299483,https://m.douban.com/rexxar/api/v2/gallery/topic/36782
172,683,每天读一首诗,每天读一首诗，分享你在读诗过程中的感受与理解，可以直接附上文本，或用视频的形式分享给大家。,https://www.douban.com/gallery/topic/83857/,621802,https://m.douban.com/rexxar/api/v2/gallery/topic/83857
463,680,我家猫的谜之行为,"猫为什么喜欢“踩奶”？当猫望着窗外时它在想什么？猫眼中的人类究竟是什么样？你不在家时，你猫会想你吗……猫主心，海底针。
,拍照记录猫让你困惑的行为，并尝试解读下猫的内心戏。我们将选取呼声最高的照片，在铲屎官修练营第三期（上海站）活动现场播放，请猫咪育养&行为专家和大家一起解读。",https://www.douban.com/gallery/topic/49305/,4683335,https://m.douban.com/rexxar/api/v2/gallery/topic/49305
466,673,父母养宠物后　,NA,https://www.douban.com/gallery/topic/35374/,16579366,https://m.douban.com/rexxar/api/v2/gallery/topic/35374
756,666,古怪手办鉴赏大会,你收藏过哪些造型独特、猎奇的手办或模型？晒出来让大家一起品鉴吧~,https://www.douban.com/gallery/topic/65328/,7752644,https://m.douban.com/rexxar/api/v2/gallery/topic/65328
875,664,男生穿搭指南,NA,https://www.douban.com/gallery/topic/81137/,5622913,https://m.douban.com/rexxar/api/v2/gallery/topic/81137
44,663,什么是西安？,西安是一个历史和现实时空交错的城市，人们被日常生活的琐碎所包裹，却热衷于谈论汉唐盛世。然而汉长安已成残砖碎瓦，唐长安仅存大小雁塔，汉唐的伟岸在历史车轮的辗压中，已成一地碎片。今天的西安，人们只能在各类假古董中体味历史。看我们的城市，所谓真亦为假、幻亦为真。我们生活在一个变幻的时代，我们身处一座幻城。每个人心中都有一个西安，是古老还是鲜活？它究竟是一个怎样的城市？请用图片谈谈你眼中的西安,https://www.douban.com/gallery/topic/86736/,2224730,https://m.douban.com/rexxar/api/v2/gallery/topic/86736
9,659,你的消费观念因为什么事件改变了,NA,https://www.douban.com/gallery/topic/77387/,4173017,https://m.douban.com/rexxar/api/v2/gallery/topic/77387
907,656,我的防晒心得,防晒是一年四季都不可省略的护肤步骤。炎夏来临，紫外线尤其强烈。你都如何抵挡烈日？一起来交流防晒心得吧。,https://www.douban.com/gallery/topic/732/,1958751,https://m.douban.com/rexxar/api/v2/gallery/topic/732
807,650,小时候画的画,还记得自己小时候画过的那些画么？,https://www.douban.com/gallery/topic/66930/,2368592,https://m.douban.com/rexxar/api/v2/gallery/topic/66930
498,650,你去过的哪个旅行目的地让你念念不忘,可以发张旅行的照片，告诉我你为什么喜欢那个地方。,https://www.douban.com/gallery/topic/15861/,939696,https://m.douban.com/rexxar/api/v2/gallery/topic/15861
370,646,收集全世界的晚霞,“那一天我二十一岁，在我一生的黄金时代，我有好多奢望。我想爱，想吃，还想在一瞬间变成天上半明半暗的云。”少年时代的我，骑着单车在放学路上，抬头流连于那片晚霞中，在那片美丽中我读不懂小波的后段话。,https://www.douban.com/gallery/topic/57723/,363454,https://m.douban.com/rexxar/api/v2/gallery/topic/57723
435,640,你在什么“奇怪”的地方工作过？,"你在什么奇怪的地方工作过？
,典当行、殡仪馆、神算铺子、红灯区……
,是否遇到过什么奇形异色的故事？",https://www.douban.com/gallery/topic/25417/,4841636,https://m.douban.com/rexxar/api/v2/gallery/topic/25417
81,638,我被“扼杀”的爱好,"大家都有哪些没有坚持下来爱好？比如想过但没实践过，实践过但未深入，深入过却也放弃了的。
",https://www.douban.com/gallery/topic/89837/,1201324,https://m.douban.com/rexxar/api/v2/gallery/topic/89837
87,629,我的“寒酸”童年,童年不总是无忧无虑的。除了情感，经济也是影响我们童年幸福感的重要因素之一。你是否经历过“寒酸”的童年？你是如何度过的？它对现在的你又产生了什么样的影响？,https://www.douban.com/gallery/topic/86975/,820069,https://m.douban.com/rexxar/api/v2/gallery/topic/86975
440,627,你家宠物的沙雕瞬间,NA,https://www.douban.com/gallery/topic/85014/,3299516,https://m.douban.com/rexxar/api/v2/gallery/topic/85014
661,627,当我们谈论“男性气质”时,当“男性气质”被提起时，背后往往隐藏着某种社会偏见或刻板印象。是否存在标准的“男性气质”？当我们谈论“男性气质”时我们在谈论什么？,https://www.douban.com/gallery/topic/21029/,2186145,https://m.douban.com/rexxar/api/v2/gallery/topic/21029
286,623,一份绝对不会失手的菜谱,简单的复杂的、方便上手、不易出错的菜谱推荐！,https://www.douban.com/gallery/topic/5416/,2757390,https://m.douban.com/rexxar/api/v2/gallery/topic/5416
653,619,分娩这关怎么过,不要让产妇一个人战斗,https://www.douban.com/gallery/topic/834/,2385358,https://m.douban.com/rexxar/api/v2/gallery/topic/834
451,619,视频･小小爱宠萌化你,是时候表演真正的萌了,https://www.douban.com/gallery/topic/69744/,369732,https://m.douban.com/rexxar/api/v2/gallery/topic/69744
109,612,你平时有哪些长久来看十分受益的习惯？,比起那些遥远的目标和空荡的口号，更相信脚踏实地的微小努力，大家一人分享一个自己平时的小习惯吧，无论多么不起眼无论是什么方面都行，只要你觉得真的对你有益～,https://www.douban.com/gallery/topic/44890/,4382375,https://m.douban.com/rexxar/api/v2/gallery/topic/44890
896,611,你眼中的无性别时尚,时尚的性别界限变得越来越模糊。越来越多的时装品牌打破性别壁垒，在原本界限分明的男装与女装之间，提供更加多元的消费选择。来聊聊你眼中的无性别时尚，以及你在着装打扮上寻求自由与解放的个人经历。,https://www.douban.com/gallery/topic/62425/,7532492,https://m.douban.com/rexxar/api/v2/gallery/topic/62425
254,607,属于夏天的歌,NA,https://www.douban.com/gallery/topic/11369/,111287,https://m.douban.com/rexxar/api/v2/gallery/topic/11369
298,599,我的烘焙笔记,日常烘焙成就与磕巴记录，自勉，共勉。,https://www.douban.com/gallery/topic/52514/,2768290,https://m.douban.com/rexxar/api/v2/gallery/topic/52514
848,594,我有独特的吵架技巧,你真的会吵架吗？,https://www.douban.com/gallery/topic/73792/,1510408,https://m.douban.com/rexxar/api/v2/gallery/topic/73792
151,592,你最喜欢的同性题材电影,NA,https://www.douban.com/gallery/topic/38014/,1315876,https://m.douban.com/rexxar/api/v2/gallery/topic/38014
956,589,你为减肥做过什么努力？,NA,https://www.douban.com/gallery/topic/4823/,1233085,https://m.douban.com/rexxar/api/v2/gallery/topic/4823
343,561,你的妈妈做过哪些傻可爱的事儿？,傻又可爱的老母亲,https://www.douban.com/gallery/topic/51301/,4193163,https://m.douban.com/rexxar/api/v2/gallery/topic/51301
718,560,收集海边的消波块,"消波块（Tetrapods）又称为防护块或弱波石（dolosse），是在海岸或堤岸边放置的大型水泥块，用来吸收海浪或大水拍打的冲击以保护海岸或河堤。消波块的形状有上百种，除了实用功能之外，还具备很强的审美功能。
,你在海边时留意过这些奇奇怪怪的混凝土块吗？",https://www.douban.com/gallery/topic/78140/,4191203,https://m.douban.com/rexxar/api/v2/gallery/topic/78140
603,552,那些堪称艺术的游戏作品,绘画是艺术，文学是艺术，音乐是艺术，电影是艺术，那么集绘画、文学、音乐、电影为一体的游戏可被称之为“第九艺术”么？如果是的话，它又有那些代表作呢？,https://www.douban.com/gallery/topic/83965/,1371403,https://m.douban.com/rexxar/api/v2/gallery/topic/83965
452,549,你的宠物都干过些什么蠢萌事情？,聊一聊那些成了精的小动物们的日常，总会给生活带来一丝乐趣,https://www.douban.com/gallery/topic/54041/,6274981,https://m.douban.com/rexxar/api/v2/gallery/topic/54041
556,546,全球首例基因编辑婴儿诞生，你怎么看？,据报道，世界首例能免疫艾滋病的基因编辑婴儿于11月诞生，南方科技大学副教授贺建奎领导该实验。消息发布后不久，国内122位科学家发表联合声明表示强烈谴责，称实验存在严重的生命伦理问题。同时，这项研究也将中国基因编辑研究的伦理问题推到国际学术界的怀疑目光之下。你怎么看？,https://www.douban.com/gallery/topic/36788/,422274,https://m.douban.com/rexxar/api/v2/gallery/topic/36788
527,543,智能手机让我们丢失了什么？,身处移动互联网时代的我们，智能手机成为了我们生活的必需品，它让我们生活更加便利，于是乎对于我们对其依赖也越来越强，无论是信息来源或是娱乐方式，通过小小屏幕投射出来的精彩世界如梦似幻，却让人在现实与梦境中迷失，生活也渐渐失去了真实的触感，不禁想问智能手机在方便了我们的同时又让我们丢失了什么......,https://www.douban.com/gallery/topic/31591/,2027067,https://m.douban.com/rexxar/api/v2/gallery/topic/31591
80,540,父母婚姻关系对子女的影响,中国家庭追踪调查的数据显示，85%的中国家长认为离婚对孩子有害。暨南大学舆情中心调查显示，高考后是一年内网民搜索“离婚”最频繁的时候。为什么会出现高考之后父母“扎堆”离婚的现象？父母的婚姻关系究竟会对子女产生怎样的影响？请根据个人经历，谈谈你的看法。,https://www.douban.com/gallery/topic/87939/,1231583,https://m.douban.com/rexxar/api/v2/gallery/topic/87939
64,537,用照片还原梦境的画面,你有想过用照片还原梦境的画面吗？,https://www.douban.com/gallery/topic/83346/,2582025,https://m.douban.com/rexxar/api/v2/gallery/topic/83346
674,537,上一辈的困境,对于父母这一辈，我们总有许多的不理解。时代在他们身上烙下的痕迹，或许已经成为了下一代眼中的局限性。他们正在面临哪些困境？我们能做些什么？一起来聊一聊，用理解代替批判。,https://www.douban.com/gallery/topic/70/,2112384,https://m.douban.com/rexxar/api/v2/gallery/topic/70
675,537,对校园霸凌说不,如何应对校园霸凌？沉默、顺从、旁观皆不可取，以暴制暴亦非明智之举，还有没有更科学的解决方式？一起来谈谈你的经历和看法。,https://www.douban.com/gallery/topic/57/,1053417,https://m.douban.com/rexxar/api/v2/gallery/topic/57
65,536,凌晨火车上的样子,坐过几次凌晨的火车。,https://www.douban.com/gallery/topic/82909/,4540968,https://m.douban.com/rexxar/api/v2/gallery/topic/82909
301,528,便当新花样,NA,https://www.douban.com/gallery/topic/3452/,2879719,https://m.douban.com/rexxar/api/v2/gallery/topic/3452
245,524,视频·一人一首小夜曲,在难眠的夜晚，唱歌或许是一种排遣心绪的助眠法。不妨来一首小夜曲，让我们一同伴随着歌声入睡。,https://www.douban.com/gallery/topic/68615/,216802,https://m.douban.com/rexxar/api/v2/gallery/topic/68615
294,520,念念不忘的地方美食,NA,https://www.douban.com/gallery/topic/76363/,580812,https://m.douban.com/rexxar/api/v2/gallery/topic/76363
141,517,你最喜欢影视剧中哪个房间作为现实生活的居所？,NA,https://www.douban.com/gallery/topic/53703/,1919871,https://m.douban.com/rexxar/api/v2/gallery/topic/53703
672,505,从林奕含到阿廖沙,关注权力关系下的性侵受害者，让更多人免受伤害。,https://www.douban.com/gallery/topic/703/,2706992,https://m.douban.com/rexxar/api/v2/gallery/topic/703
694,504,你是如何提升学习效率的？,来分享一下你的高效学习方法吧~,https://www.douban.com/gallery/topic/78658/,3232158,https://m.douban.com/rexxar/api/v2/gallery/topic/78658
815,500,我画过的电影人物,看过的电影 不只存在于脑海中 还被呈现在画纸上。,https://www.douban.com/gallery/topic/55902/,2924061,https://m.douban.com/rexxar/api/v2/gallery/topic/55902
161,499,在一本书中发现它与另一本书的联结,随着阅读量的增加，我们在阅读过程中总能遇到“在一本书中发现它与另一本书的联结”的惊喜时刻。当这些“联结”汇聚起来，就形成了我们的阅读脉络和知识图谱。一起记录这些阅读过程中的惊喜时刻吧~,https://www.douban.com/gallery/topic/87955/,990305,https://m.douban.com/rexxar/api/v2/gallery/topic/87955
450,492,我和宠物的日常对话,有些没法跟人类说的话，只能和宠物说。,https://www.douban.com/gallery/topic/75035/,3847843,https://m.douban.com/rexxar/api/v2/gallery/topic/75035
924,485,手帐入坑指南,NA,https://www.douban.com/gallery/topic/23566/,2147052,https://m.douban.com/rexxar/api/v2/gallery/topic/23566
577,485,逛博物馆的时候，哪一件展品令你印象最深刻？,逛博物馆的时候，哪一件展品令你印象最深刻？,https://www.douban.com/gallery/topic/5017/,304717,https://m.douban.com/rexxar/api/v2/gallery/topic/5017
676,484,父母干涉我的生活怎么办,成年后，你被父母干涉过生活吗？读书、就业、恋爱、交友、兴趣……子女在各种人生阶段的选择都有可能遭遇父母的不解、质疑甚至干涉。你会如何应对这种代际关系中的阵痛？一起来讲讲你的经历。,https://www.douban.com/gallery/topic/36/,395659,https://m.douban.com/rexxar/api/v2/gallery/topic/36
226,479,你拍过的和某一个电影场景最相像的照片,每一张照片都是一场回忆的开始，你是否曾拍下一张与某一个电影场景相像的照片，回忆交织着电影场景，如梦如幻…,https://www.douban.com/gallery/topic/80765/,3616482,https://m.douban.com/rexxar/api/v2/gallery/topic/80765
480,479,中国旅行地图,先不要着急去外国吧，中国还有好多美丽可爱的旅行地点等我们去欣赏，大家来分享一下自己去过的国内那些值得推荐的旅行之地吧。,https://www.douban.com/gallery/topic/77561/,2521940,https://m.douban.com/rexxar/api/v2/gallery/topic/77561
335,467,你为什么不想要孩子？,"不想要孩子的不只是丁克，个人认为丁克是由于某些现实情况的立场问题，不喜欢/不想要是源于内心深处的想法。
,从小到大的生活，林林总总的事，是我不喜欢孩子的原因。
,当然，我也讨厌自己，如果时间可以倒流，希望他们不要生下我，谢谢。",https://www.douban.com/gallery/topic/79875/,1143026,https://m.douban.com/rexxar/api/v2/gallery/topic/79875
478,466,猫咪夏季纳凉睡姿大赏,怕热的猫咪，在夏天睡觉时会创造出什么奇葩的睡姿呢？,https://www.douban.com/gallery/topic/77155/,1935656,https://m.douban.com/rexxar/api/v2/gallery/topic/77155
302,464,我在家中酿酒,外出喝酒，不如自己在家中酿酒~,https://www.douban.com/gallery/topic/513/,3068826,https://m.douban.com/rexxar/api/v2/gallery/topic/513
511,461,你入手的那些有趣的博物馆文创,“有趣”的是文创，“无趣”的是旅游纪念品。,https://www.douban.com/gallery/topic/56492/,7828777,https://m.douban.com/rexxar/api/v2/gallery/topic/56492
76,460,人类有过哪些解放女性身体的发明创造？,受制于生理因素和传统观念，女性的身体在历史中的很长一段时间中受到过各种各样的束缚，承受了很多不必要的不便和痛苦。随着观念的改变和技术的发展，一些发明创造的出现极大地方便了女性的生活，甚至在某种程度重塑了女性受限的人生。一起聊聊那些真正解放了女性身体的发明创造吧~,https://www.douban.com/gallery/topic/68843/,13895988,https://m.douban.com/rexxar/api/v2/gallery/topic/68843
247,460,我最爱的十个摇滚乐队,NA,https://www.douban.com/gallery/topic/59482/,242916,https://m.douban.com/rexxar/api/v2/gallery/topic/59482
142,454,我的21世纪电影十佳,最近，BBC评选了21世纪最伟大的电影Top100。喜欢电影的你，也来列出属于自己的新千年十佳电影吧！,https://www.douban.com/gallery/topic/22/,2183674,https://m.douban.com/rexxar/api/v2/gallery/topic/22
253,454,我的黑胶唱片情结,黑胶唱片作为CD诞生前最流行的一种音乐载体，曾经几乎一整个世纪都占据了听众的耳朵。如今，随着卡带、CD、数字音乐以及流媒体的相继出现，听音乐的方式也越来越便捷，黑胶唱片似乎已经不再适应当代听众对听歌的需求了。可能是出于对黑胶唱片风行的黄金时代的缅怀与向往，也可能是为了追求它们所独具的空灵与临场的听觉感受，甚至可能仅仅喜欢由这种黑色赛璐璐质地的密纹唱片所带来的视觉愉悦，当代听众仍在乐此不疲地收藏黑胶唱片。晒出你收藏的黑胶唱片，聊聊你的黑胶唱片情结。,https://www.douban.com/gallery/topic/62318/,1647113,https://m.douban.com/rexxar/api/v2/gallery/topic/62318
400,452,医院里的人间百态,悲欢喜乐，人情冷暖，生死之间都可以,https://www.douban.com/gallery/topic/86271/,1828838,https://m.douban.com/rexxar/api/v2/gallery/topic/86271
795,452,我的学画心得,学习画画的过程中你收获了什么？,https://www.douban.com/gallery/topic/87483/,1523488,https://m.douban.com/rexxar/api/v2/gallery/topic/87483
182,450,长大以后才理解的课文细节有哪些？,小时候没想通，长大才明白的课文细节有哪些？,https://www.douban.com/gallery/topic/70625/,3128684,https://m.douban.com/rexxar/api/v2/gallery/topic/70625
576,441,孩子们写的诗,“最终，诗人像孩子和诗人的孩子。”,https://www.douban.com/gallery/topic/55062/,11403838,https://m.douban.com/rexxar/api/v2/gallery/topic/55062
402,441,有哪些让你开始相信有鬼神的事情,我一直是唯物主义者，但是自从我的朋友和我说起她老家问米的故事，后来我还去那里亲眼所见我就开始怀疑我们的世界也许不只如此，也想听听和我有同感的朋友的故事,https://www.douban.com/gallery/topic/74801/,1884981,https://m.douban.com/rexxar/api/v2/gallery/topic/74801
713,441,有哪些事实和你的记忆产生了奇怪的偏差？,你所经历的“曼德拉效应”事件。,https://www.douban.com/gallery/topic/28404/,469937,https://m.douban.com/rexxar/api/v2/gallery/topic/28404
575,440,美术作品中的女性之美,女性，是绘画、雕塑等美术作品中的一个永恒的主题。你看过哪些令你印象深刻的、表现女性之美的美术作品？聊聊它们为什么打动你吧。,https://www.douban.com/gallery/topic/57126/,7929084,https://m.douban.com/rexxar/api/v2/gallery/topic/57126
720,440,你眼中的城市建筑美学,“建筑是世界的年鉴，当歌曲和传说已经缄默，它依旧还在诉说。”,https://www.douban.com/gallery/topic/67128/,1912005,https://m.douban.com/rexxar/api/v2/gallery/topic/67128
838,438,你幻想出来的妖怪,有时会有各种脑洞，幻想一些东西有人格、会成精，大家可以来分享一下～,https://www.douban.com/gallery/topic/84580/,919394,https://m.douban.com/rexxar/api/v2/gallery/topic/84580
515,437,视频·世界各地的海浪声,海浪拍岸声声碎。,https://www.douban.com/gallery/topic/37063/,1166222,https://m.douban.com/rexxar/api/v2/gallery/topic/37063
227,437,视频·延时摄影中的流动风景,延时摄影又叫缩时摄影（Timelapse）。 是以一种将时间压缩的拍摄技术。是一组照片或是视频，后期通过照片串联或是视频抽帧，把几分钟、几小时甚至是几天几年的过程压缩在一个较短的时间内以视频的方式播放。平时常见的风景和故事，在延时摄影下往往会呈现更生动神奇的效果。,https://www.douban.com/gallery/topic/77658/,30041,https://m.douban.com/rexxar/api/v2/gallery/topic/77658
550,434,人类首张黑洞照片发布,北京时间4月10日21点整，“事件视界望远镜”项目（EHT）将发布第一个重大成果：具有历史性意义的第一张黑洞照片。拍到黑洞照片意味着什么？关于黑洞你有过怎样的想象和理解？欢迎参与讨论。,https://www.douban.com/gallery/topic/65743/,4284459,https://m.douban.com/rexxar/api/v2/gallery/topic/65743
518,432,旅行中的大型失控现场,NA,https://www.douban.com/gallery/topic/23281/,1360298,https://m.douban.com/rexxar/api/v2/gallery/topic/23281
474,430,猫猫cosplay大赏,你的猫猫cos过什么人物、物品、剧照、画······,https://www.douban.com/gallery/topic/74362/,6521159,https://m.douban.com/rexxar/api/v2/gallery/topic/74362
112,425,自律生活的养成之路,自我成长，自我约束,https://www.douban.com/gallery/topic/79042/,2524386,https://m.douban.com/rexxar/api/v2/gallery/topic/79042
670,424,为什么明星都喜欢做公益？,明星做公益，你怎么看？四月作为读书月，江一燕，翟天临，周冬雨等众多明星就在书旗小说进行公益读书，你读书书旗小说就捐书，明星作为阅读的公益大使，到底是为了什么？你会因为明星效应而向山区儿童捐书吗？,https://www.douban.com/gallery/topic/3061/,147553,https://m.douban.com/rexxar/api/v2/gallery/topic/3061
739,415,你镜头下的古建筑,NA,https://www.douban.com/gallery/topic/67093/,743415,https://m.douban.com/rexxar/api/v2/gallery/topic/67093
472,413,猫咪翘臀大赏,猫主子的翘臀，丰满又销魂！,https://www.douban.com/gallery/topic/33950/,2959616,https://m.douban.com/rexxar/api/v2/gallery/topic/33950
526,404,你所理解的赛博朋克,对于赛博朋克的理解，除去百科上给予的古板定义之外，想必每个人对于赛博朋克的理解、记录、剖析是不同的。虚幻作品中，大都以《神经漫游者》、《银翼杀手》系列、《攻壳机动队》系列等为主导风格；现实中，多以在香港、东京、重庆、上海纽约等密集型都市的某个视角呈现……在这里，希望这个话题不仅可以展示出大家亮眼的摄影作品，更希望能够在赛博朋克世界观的各方面有所思考和探讨。,https://www.douban.com/gallery/topic/74736/,1317432,https://m.douban.com/rexxar/api/v2/gallery/topic/74736
373,403,收集美丽的叶子,NA,https://www.douban.com/gallery/topic/84563/,847029,https://m.douban.com/rexxar/api/v2/gallery/topic/84563
158,399,我的暑期观影计划,NA,https://www.douban.com/gallery/topic/83240/,2527592,https://m.douban.com/rexxar/api/v2/gallery/topic/83240
459,397,被你家宠物治愈的瞬间,宠物最治愈人心的瞬间是什么时刻呢？,https://www.douban.com/gallery/topic/78759/,2006004,https://m.douban.com/rexxar/api/v2/gallery/topic/78759
976,394,你难以忘怀的一场足球赛,世界杯、欧洲杯、英超、德甲……你看过的这么多场足球比赛中，最让你难以忘怀的是哪一场？,https://www.douban.com/gallery/topic/78122/,107644,https://m.douban.com/rexxar/api/v2/gallery/topic/78122
692,391,我的2018年度消费总结,这一年，有人选择消费降级极简生活，有人选择生活不息“剁手”不止，你的选择是什么？你这一年都买了什么？又形成了怎样的消费观和理财观？,https://www.douban.com/gallery/topic/38807/,1367041,https://m.douban.com/rexxar/api/v2/gallery/topic/38807
355,390,你认识的丁克后来怎么样了,NA,https://www.douban.com/gallery/topic/27087/,3188326,https://m.douban.com/rexxar/api/v2/gallery/topic/27087
361,388,养花记,NA,https://www.douban.com/gallery/topic/56071/,1765727,https://m.douban.com/rexxar/api/v2/gallery/topic/56071
347,379,哪个瞬间让你觉得父母很开明,NA,https://www.douban.com/gallery/topic/75226/,3487754,https://m.douban.com/rexxar/api/v2/gallery/topic/75226
803,377,零基础如何学画画,大咖可以分享经验，小伙伴们都来分享苦衷,https://www.douban.com/gallery/topic/915/,429184,https://m.douban.com/rexxar/api/v2/gallery/topic/915
667,371,2008年5月12日,2008年5月12日14时28分，四川汶川发生里氏8级特大地震，最大烈度达11度。这是新中国成立以来破坏性最强、波及范围最广、救灾难度最大的一次地震。,https://www.douban.com/gallery/topic/705/,64278,https://m.douban.com/rexxar/api/v2/gallery/topic/705
903,369,化妆技巧分享,大家化妆有什么心得，一起来分享下啊！,https://www.douban.com/gallery/topic/3016/,3449364,https://m.douban.com/rexxar/api/v2/gallery/topic/3016
958,368,我在家中运动锻炼,不去健身房锻炼，不花钱请私教，你们都有哪些自己在家就能运动锻炼的好方法呢？跟着视频里的教练们跳有氧操，做芭蕾形体拉伸？,https://www.douban.com/gallery/topic/35269/,2048507,https://m.douban.com/rexxar/api/v2/gallery/topic/35269
728,367,纪念贝聿铭,"贝聿铭，美籍华人建筑师，其作品以公共建筑、文教建筑为主，被归类为现代主义建筑，善用钢材、混凝土、玻璃与石材，其代表建筑有美国华盛顿特区国家艺廊东厢、法国巴黎卢浮宫扩建工程。被誉为“现代建筑的最后大师”。
,2019年5月16日，贝聿铭于家中去世，享年102岁。",https://www.douban.com/gallery/topic/73917/,909749,https://m.douban.com/rexxar/api/v2/gallery/topic/73917
317,363,日食记,食物是生活的动力,https://www.douban.com/gallery/topic/52444/,371951,https://m.douban.com/rexxar/api/v2/gallery/topic/52444
304,362,早上可以吃出幸福感的食物,美好的一天从早餐开始！,https://www.douban.com/gallery/topic/69785/,650119,https://m.douban.com/rexxar/api/v2/gallery/topic/69785
147,358,影视作品中那些长相迷人的反派角色,不怕坏人坏，就怕坏人帅。比如vip里面的李钟硕饰演的变态坏人😍。对帅坏人毫无抵抗力啊！人有时候就是这么奇怪，他是那么帅，即使那么坏却依然令人着迷。大家还看过哪些帅坏人呢，一起来分享吧🙋,https://www.douban.com/gallery/topic/76399/,1797241,https://m.douban.com/rexxar/api/v2/gallery/topic/76399
476,354,你家宠物的“歪头杀”,NA,https://www.douban.com/gallery/topic/79327/,1184013,https://m.douban.com/rexxar/api/v2/gallery/topic/79327
837,353,迷惑歌词大赏,歌词抓心的歌，最容易被人爱上，但有些歌的歌词，只叫人满脑袋黑人问号脸？？？,https://www.douban.com/gallery/topic/86004/,1742478,https://m.douban.com/rexxar/api/v2/gallery/topic/86004
801,348,画一幅水彩画,NA,https://www.douban.com/gallery/topic/265/,978386,https://m.douban.com/rexxar/api/v2/gallery/topic/265
130,347,影视作品中最让你惊心动魄的小朋友角色,你遇见过无数次的小朋友，无数次的回眸，无数次的微笑，哪一个是最让你惊心动魄的呢?,https://www.douban.com/gallery/topic/86045/,1989383,https://m.douban.com/rexxar/api/v2/gallery/topic/86045
66,346,父母的恋爱故事,NA,https://www.douban.com/gallery/topic/64742/,8456313,https://m.douban.com/rexxar/api/v2/gallery/topic/64742
890,343,我的单色美学情结,单色美学是一种摒弃繁复色彩，运用纯粹来演绎主题的艺术风格，它看似单一，却往往因为色彩的纯粹，反而能更好地突出画面的基本形状和线条，从而大大简化视觉主题，升华艺术质感。这种风格被广泛应用于时尚、摄影、绘画等众多领域，如今M·A·C更将它完美融入彩妆，发布六大单色美学系列妆品：热烈红、元气橘、真实裸、精灵紫、御姐绛、甜心粉……为高阶玩家们打造属于自己的色彩态度。你对哪一个颜色情有独钟？你又在生活中发现或创造过哪些单色之美？无论是妆容、摄影还是绘画等各个领域，欢迎分享你的单色美学情结。,https://www.douban.com/gallery/topic/74574/,925786,https://m.douban.com/rexxar/api/v2/gallery/topic/74574
752,337,你喜欢的城市建筑纹理,地砖的花纹、木质门框的雕刻、窗户栅栏的造型、井盖的图案，甚至砖墙的斑驳痕迹，这些细微之处构成了城市建筑的纹理。你注意到这些细节之美了吗？一起分享你的发现吧。,https://www.douban.com/gallery/topic/21709/,455645,https://m.douban.com/rexxar/api/v2/gallery/topic/21709
79,333,中年健忘危机,幸亏，我还记得我健忘。,https://www.douban.com/gallery/topic/88643/,297896,https://m.douban.com/rexxar/api/v2/gallery/topic/88643
295,330,北方人在南方吃到的心动美食,北方的美食是沉甸甸的口腹之欲，对我来说就是量大，豪放除了味蕾的享受还有那种吃饱撑的饱腹感。南方的美食则是对食物的态度，精致而有内涵，不仅仅是为了满足口腹之欲，更是一种生活的艺术,https://www.douban.com/gallery/topic/82588/,1070670,https://m.douban.com/rexxar/api/v2/gallery/topic/82588
520,327,人类登月五十周年,“这是一个人的一小步，却是全人类的一大步”。1969年7月20日，三名宇航员搭乘NASA发射的阿波罗11号成功登月。,https://www.douban.com/gallery/topic/70530/,392622,https://m.douban.com/rexxar/api/v2/gallery/topic/70530
399,323,写一则童话故事,安徒生、格林、王尔德、郑渊洁…这些童话大家为我们孕育出一个浩瀚宇宙，随我们尽情徜徉，天真成长。而今我们成人，童话的大门稍掩，不如让我们为彼此创作吧，属于你我的童话世界。,https://www.douban.com/gallery/topic/87839/,371863,https://m.douban.com/rexxar/api/v2/gallery/topic/87839
13,318,南方的夏日时光,达达乐队在《南方》唱到，“那里总是很潮湿，那里总是很松软，那里总是很多琐碎事，那里总是红和蓝……”，你眼中的南方夏天是什么样呢？是连绵的雨季，葱茏的绿意，还是清爽的海风？欢迎聊聊。,https://www.douban.com/gallery/topic/88532/,1208697,https://m.douban.com/rexxar/api/v2/gallery/topic/88532
150,317,影视剧中那些让人迷惑或者惊讶的奇特行为,NA,https://www.douban.com/gallery/topic/83289/,6631514,https://m.douban.com/rexxar/api/v2/gallery/topic/83289
835,317,你收到的最奇葩的豆邮,豆邮对于所有豆瓣人来说都不陌生，但是有时候你会收到哭笑不得的豆邮，回也不是，不回也不是。所以，让我们分享一下这些好玩的豆邮吧。或许在豆瓣的角落，另一个人也曾收到相似的豆邮,https://www.douban.com/gallery/topic/90029/,2658051,https://m.douban.com/rexxar/api/v2/gallery/topic/90029
149,315,抑郁症自救手记,不想坐以待毙，我们在积极自救。,https://www.douban.com/gallery/topic/53178/,724473,https://m.douban.com/rexxar/api/v2/gallery/topic/53178
331,314,第一次见对象家长,第一次带男/女朋友见家长，一起经历了哪些惊慌失措，又有什么有趣的故事发生？,https://www.douban.com/gallery/topic/81300/,6524593,https://m.douban.com/rexxar/api/v2/gallery/topic/81300
77,314,成年后如何对自己进行审美再教育？,"审美教育，狭义地讲是通过艺术手段对人们进行教育，广义地讲是运用自然界、社会生活、物质产品与精神产品中一切美的形式给人们以耳濡目染、潜移默化的教育，以达到美化人们心灵、行为、语言、体态，提高人们道德与智慧的目的。
,在学校、家庭与社会对我们进行的审美教育之外，我们应如何发挥主观能动性对自己进行审美再教育？",https://www.douban.com/gallery/topic/67532/,3818958,https://m.douban.com/rexxar/api/v2/gallery/topic/67532
885,310,我钟爱的夏季连衣裙,简约日系韩版法式复古小清新各种风格,https://www.douban.com/gallery/topic/74931/,1160419,https://m.douban.com/rexxar/api/v2/gallery/topic/74931
799,309,我画过的电影场景,大家都画过哪些触动自己的电影场景呢？在这里分享吧～,https://www.douban.com/gallery/topic/82324/,2358983,https://m.douban.com/rexxar/api/v2/gallery/topic/82324
41,309,博物馆奇遇记,博物馆是一个神奇的地方，除了欣赏历史文物，或许也能拥有一段动人邂逅，也可能遇到一些奇怪并且难忘的事情，欢迎分享一下你在博物馆遇到的那些离奇事情。,https://www.douban.com/gallery/topic/87683/,2184242,https://m.douban.com/rexxar/api/v2/gallery/topic/87683
237,308,你买下的第一张实体专辑,实体专辑的价格往往不低，我们都曾为了买下它而努力存钱。也许是为了喜欢的音乐人或乐团，也许只是单纯喜欢专辑里的作品，你和你买下的第一张专辑之间有什么样的故事呢？,https://www.douban.com/gallery/topic/88655/,173375,https://m.douban.com/rexxar/api/v2/gallery/topic/88655
639,306,盘点戛纳电影节上明星的隐形实力,戛纳红毯星光熠熠，众多明星携作品自信而来，演员除了惊艳的演技之外，还有很多隐形的技能。有哪些隐形技能是演员职业的加分项？ 隐形实力Max的爱尔康水梯度天天抛邀你分享！,https://www.douban.com/gallery/topic/72114/,238148,https://m.douban.com/rexxar/api/v2/gallery/topic/72114
897,304,男士护肤心得,男士护肤也是一门学问，对此你有何心得体会？欢迎分享。,https://www.douban.com/gallery/topic/46404/,3420457,https://m.douban.com/rexxar/api/v2/gallery/topic/46404
462,302,你家宠物和小孩的独特相处方式,没有宠物陪伴的童年是不完整的！,https://www.douban.com/gallery/topic/59557/,9191453,https://m.douban.com/rexxar/api/v2/gallery/topic/59557
599,302,游戏中的“意识”有多重要,游戏中常说的“意识”，指的是玩家的大局观和对游戏的理解能力。很多玩家在打《王者荣耀》的时候，都会强调“意识”的重要性。请结合你的游戏经验一起来谈谈，游戏意识有多重要？,https://www.douban.com/gallery/topic/88909/,110089,https://m.douban.com/rexxar/api/v2/gallery/topic/88909
719,300,城市规划中的不合理设计,走到一半中断的盲道，不存在的无障碍通道，你做所居住的城市中都有什么不合理的设计？,https://www.douban.com/gallery/topic/70913/,2449871,https://m.douban.com/rexxar/api/v2/gallery/topic/70913
733,298,收集城市里的螺旋,NA,https://www.douban.com/gallery/topic/60958/,872519,https://m.douban.com/rexxar/api/v2/gallery/topic/60958
436,297,因为怕鬼你做过哪些别人难以理解的事？,逸出常规，别人无法理解，甚至自己想起简直羞愧难当倍感尴尬。,https://www.douban.com/gallery/topic/34504/,327620,https://m.douban.com/rexxar/api/v2/gallery/topic/34504
413,296,为了逼你找对象，你的父母有过哪些表演？,在逼婚的道路上，我们都有热爱演戏的父母！他们或演技逼真，让你事后才发现被掰了一道，或演技拙劣，让你演对手戏的兴趣都没有。说说父母为了逼你找对象飚过的演技！,https://www.douban.com/gallery/topic/79033/,4427196,https://m.douban.com/rexxar/api/v2/gallery/topic/79033
902,294,是什么契机让你剪了短发呢？,NA,https://www.douban.com/gallery/topic/35203/,352767,https://m.douban.com/rexxar/api/v2/gallery/topic/35203
120,293,一档综艺节目最吸引你的特质是什么？,综艺节目层出不穷，消遣之余，也会给我们留下一些会心一击的高光时刻。你会因为什么而喜欢上一档综艺节目呢？,https://www.douban.com/gallery/topic/88934/,168538,https://m.douban.com/rexxar/api/v2/gallery/topic/88934
84,289,让你耿耿于怀的一张毕业照,随着毕业季的匆匆结束，告别校园的毕业摄影也告一段落，无论是刚毕业还是早就毕业的你，内心深处总有一张难以忘怀的毕业照吧？与其把照片放在角落蒙尘，不如翻出来和大家分享一下吧？对了还有，毕业快乐。,https://www.douban.com/gallery/topic/87352/,3174726,https://m.douban.com/rexxar/api/v2/gallery/topic/87352
280,288,夏日凉菜/冷荤大作战,炎炎夏日，是时候祭出你的消暑凉菜DIY配方了~,https://www.douban.com/gallery/topic/86673/,1378311,https://m.douban.com/rexxar/api/v2/gallery/topic/86673
655,287,当我们谈论尊重身体时,当我们谈论尊重身体时，我们谈论的可能是性观念、代沟、自由、独立、沟通、同理心……你会如何对待与父母的性观念差异？一起来分享你的经历和想法吧。,https://www.douban.com/gallery/topic/18/,2217517,https://m.douban.com/rexxar/api/v2/gallery/topic/18
